{
  "IcoMoonType": "selection",
  "icons": [
    {
      "icon": {
        "paths": [
          "M854 682v-512h-684v598l86-86h598zM854 86q34 0 59 25t25 59v512q0 34-25 60t-59 26h-598l-170 170v-768q0-34 25-59t59-25h684z"
        ],
        "attrs": [],
        "isMulticolor": false,
        "isMulticolor2": false,
        "tags": [
          "chat_bubble_outline"
        ],
        "grid": 24
      },
      "attrs": [],
      "properties": {
        "ligatures": "chat_bubble_outline",
        "id": 110,
        "order": 33,
        "prevSize": 24,
        "name": "chat_bubble_outline"
      },
      "setIdx": 0,
      "setId": 3,
      "iconIdx": 110
    },
    {
      "icon": {
        "paths": [
          "M884 300l-78 78-160-160 78-78q12-12 30-12t30 12l100 100q12 12 12 30t-12 30zM128 736l472-472 160 160-472 472h-160v-160z"
        ],
        "attrs": [],
        "isMulticolor": false,
        "isMulticolor2": false,
        "tags": [
          "create",
          "mode_edit",
          "edit"
        ],
        "grid": 24
      },
      "attrs": [],
      "properties": {
        "ligatures": "create, mode_edit, edit",
        "id": 157,
        "order": 45,
        "prevSize": 24,
        "name": "create"
      },
      "setIdx": 0,
      "setId": 3,
      "iconIdx": 157
    },
    {
      "icon": {
        "paths": [
          "M512 554l352-220-352-206-352 206zM938 342v426q0 34-25 60t-59 26h-684q-34 0-59-26t-25-60v-426q0-50 40-74l386-226 386 226q40 24 40 74z"
        ],
        "attrs": [],
        "isMulticolor": false,
        "isMulticolor2": false,
        "tags": [
          "drafts"
        ],
        "grid": 24
      },
      "attrs": [],
      "properties": {
        "ligatures": "drafts",
        "id": 158,
        "order": 34,
        "prevSize": 24,
        "name": "drafts"
      },
      "setIdx": 0,
      "setId": 3,
      "iconIdx": 158
    },
    {
      "icon": {
        "paths": [
          "M426 86q178 0 303 125t125 301-125 301-303 125q-116 0-212-56 98-56 155-155t57-215-57-215-155-155q96-56 212-56z"
        ],
        "attrs": [],
        "isMulticolor": false,
        "isMulticolor2": false,
        "tags": [
          "brightness_2"
        ],
        "grid": 24
      },
      "attrs": [],
      "properties": {
        "ligatures": "brightness_2",
        "id": 386,
        "order": 46,
        "prevSize": 24,
        "name": "brightness_2"
      },
      "setIdx": 0,
      "setId": 3,
      "iconIdx": 386
    },
    {
      "icon": {
        "paths": [
          "M512 726q88 0 151-63t63-151-63-151-151-63-151 63-63 151 63 151 151 63zM384 86h256l78 84h136q34 0 59 26t25 60v512q0 34-25 60t-59 26h-684q-34 0-59-26t-25-60v-512q0-34 25-60t59-26h136zM376 512q0-56 40-96t96-40 96 40 40 96-40 96-96 40-96-40-40-96z"
        ],
        "attrs": [],
        "isMulticolor": false,
        "isMulticolor2": false,
        "tags": [
          "camera_alt",
          "photo_camera",
          "local_see"
        ],
        "grid": 24
      },
      "attrs": [],
      "properties": {
        "ligatures": "camera_alt, photo_camera, local_see",
        "id": 392,
        "order": 47,
        "prevSize": 24,
        "name": "camera_alt"
      },
      "setIdx": 0,
      "setId": 3,
      "iconIdx": 392
    },
    {
      "icon": {
        "paths": [
          "M512 854q140 0 241-101t101-241-101-241-241-101-241 101-101 241 101 241 241 101zM512 86q176 0 301 125t125 301-125 301-301 125-301-125-125-301 125-301 301-125zM692 332q32 32 54 84t22 96-21 96-53 84q-74 76-180 76t-182-76l180-180v-256q44 0 96 22t84 54z"
        ],
        "attrs": [],
        "isMulticolor": false,
        "isMulticolor2": false,
        "tags": [
          "timelapse"
        ],
        "grid": 24
      },
      "attrs": [],
      "properties": {
        "ligatures": "timelapse",
        "id": 491,
        "order": 24,
        "prevSize": 24,
        "name": "timelapse"
      },
      "setIdx": 0,
      "setId": 3,
      "iconIdx": 491
    },
    {
      "icon": {
        "paths": [
          "M214 726h596l-192-256-148 192-108-128zM896 128q32 0 59 27t27 59v596q0 32-27 59t-59 27h-768q-34 0-60-26t-26-60v-596q0-32 27-59t59-27h768z"
        ],
        "attrs": [],
        "isMulticolor": false,
        "isMulticolor2": false,
        "tags": [
          "photo_size_select_actual"
        ],
        "grid": 24
      },
      "attrs": [],
      "properties": {
        "ligatures": "photo_size_select_actual",
        "id": 506,
        "order": 48,
        "prevSize": 24,
        "name": "photo_size_select_actual"
      },
      "setIdx": 0,
      "setId": 3,
      "iconIdx": 506
    },
    {
      "icon": {
        "paths": [
          "M512 780q70 0 144-40t112-96q-2-56-90-94t-166-38-166 37-90 95q38 56 112 96t144 40zM512 170q-52 0-90 38t-38 90 38 90 90 38 90-38 38-90-38-90-90-38zM512 86q160 0 272 113t112 271q0 132-81 234t-205 136l-98 98-98-98q-124-34-205-136t-81-234q0-158 112-271t272-113z"
        ],
        "attrs": [],
        "isMulticolor": false,
        "isMulticolor2": false,
        "tags": [
          "location_history"
        ],
        "grid": 24
      },
      "attrs": [],
      "properties": {
        "ligatures": "location_history",
        "id": 556,
        "order": 38,
        "prevSize": 24,
        "name": "location_history"
      },
      "setIdx": 0,
      "setId": 3,
      "iconIdx": 556
    },
    {
      "icon": {
        "paths": [
          "M768 598v-86h-234l-86 86h320zM256 598h106l294-294q16-16 0-30l-76-76q-16-14-30 0l-294 294v106zM854 86q34 0 59 25t25 59v512q0 34-25 60t-59 26h-598l-170 170v-768q0-34 25-59t59-25h684z"
        ],
        "attrs": [],
        "isMulticolor": false,
        "isMulticolor2": false,
        "tags": [
          "rate_review"
        ],
        "grid": 24
      },
      "attrs": [],
      "properties": {
        "ligatures": "rate_review",
        "id": 560,
        "order": 49,
        "prevSize": 24,
        "name": "rate_review"
      },
      "setIdx": 0,
      "setId": 3,
      "iconIdx": 560
    },
    {
      "icon": {
        "paths": [
          "M498 166l-346 346 346 346-76 76-422-422 422-422z"
        ],
        "attrs": [],
        "isMulticolor": false,
        "isMulticolor2": false,
        "tags": [
          "arrow_back_ios"
        ],
        "grid": 24
      },
      "attrs": [],
      "properties": {
        "ligatures": "arrow_back_ios",
        "id": 614,
        "order": 52,
        "prevSize": 24,
        "name": "arrow_back_ios"
      },
      "setIdx": 0,
      "setId": 3,
      "iconIdx": 614
    },
    {
      "icon": {
        "paths": [
          "M250 176l92-90 426 426-426 426-92-90 338-336z"
        ],
        "attrs": [],
        "isMulticolor": false,
        "isMulticolor2": false,
        "tags": [
          "arrow_forward_ios"
        ],
        "grid": 24
      },
      "attrs": [],
      "properties": {
        "ligatures": "arrow_forward_ios",
        "id": 615,
        "order": 51,
        "prevSize": 24,
        "name": "arrow_forward_ios"
      },
      "setIdx": 0,
      "setId": 3,
      "iconIdx": 615
    },
    {
      "icon": {
        "paths": [
          "M682 470l-298 170v-342zM896 726v-512h-768v512h768zM896 128q36 0 61 25t25 61l-2 512q0 34-25 59t-59 25h-214v86h-340v-86h-214q-36 0-61-24t-25-60v-512q0-36 25-61t61-25h768z"
        ],
        "attrs": [],
        "isMulticolor": false,
        "isMulticolor2": false,
        "tags": [
          "ondemand_video"
        ],
        "grid": 24
      },
      "attrs": [],
      "properties": {
        "ligatures": "ondemand_video",
        "id": 652,
        "order": 23,
        "prevSize": 24,
        "name": "ondemand_video"
      },
      "setIdx": 0,
      "setId": 3,
      "iconIdx": 652
    },
    {
      "icon": {
        "paths": [
          "M768 682l86 86v42h-684v-42l86-86v-212q0-100 51-174t141-96v-30q0-26 18-45t46-19 46 19 18 45v30q90 22 141 96t51 174v212zM512 938q-36 0-61-24t-25-60h172q0 34-26 59t-60 25z"
        ],
        "attrs": [],
        "isMulticolor": false,
        "isMulticolor2": false,
        "tags": [
          "notifications"
        ],
        "grid": 24
      },
      "attrs": [],
      "properties": {
        "ligatures": "notifications",
        "id": 677,
        "order": 50,
        "prevSize": 24,
        "name": "notifications"
      },
      "setIdx": 0,
      "setId": 3,
      "iconIdx": 677
    },
    {
      "icon": {
        "paths": [
          "M618 260l192-46v554h-84v-452l-108 22v-78zM426 342v170h172v86h-172v170h-84v-170h-172v-86h172v-170h84z"
        ],
        "attrs": [],
        "isMulticolor": false,
        "isMulticolor2": false,
        "tags": [
          "plus_one"
        ],
        "grid": 24
      },
      "attrs": [],
      "properties": {
        "ligatures": "plus_one",
        "id": 688,
        "order": 22,
        "prevSize": 24,
        "name": "plus_one"
      },
      "setIdx": 0,
      "setId": 3,
      "iconIdx": 688
    },
    {
      "icon": {
        "paths": [
          "M512 128l470 256v342h-86v-296l-384 210-470-256zM214 562l298 164 298-164v172l-298 162-298-162v-172z"
        ],
        "attrs": [],
        "isMulticolor": false,
        "isMulticolor2": false,
        "tags": [
          "school"
        ],
        "grid": 24
      },
      "attrs": [],
      "properties": {
        "ligatures": "school",
        "id": 690,
        "order": 39,
        "prevSize": 24,
        "name": "school"
      },
      "setIdx": 0,
      "setId": 3,
      "iconIdx": 690
    },
    {
      "icon": {
        "paths": [
          "M932 550l-114 262q-26 42-74 42h-346q-40 0-70-30t-30-70v-334q0-36 26-62l274-272 18 20q24 24 38 52 6 14 4 28l-40 198h236q34 0 59 26t25 60v46q0 18-6 34zM86 854v-470h84q18 0 31 12t13 30v384q0 18-13 31t-31 13h-84z"
        ],
        "attrs": [],
        "isMulticolor": false,
        "isMulticolor2": false,
        "tags": [
          "thumb_up_alt"
        ],
        "grid": 24
      },
      "attrs": [],
      "properties": {
        "ligatures": "thumb_up_alt",
        "id": 699,
        "order": 30,
        "prevSize": 24,
        "name": "thumb_up_alt"
      },
      "setIdx": 0,
      "setId": 3,
      "iconIdx": 699
    },
    {
      "icon": {
        "paths": [
          "M516 792q96-86 142-130t100-104 75-106 21-90q0-64-43-106t-107-42q-50 0-93 28t-59 72h-80q-16-44-59-72t-93-28q-64 0-107 42t-43 106q0 44 21 90t75 106 100 104 142 130l4 4zM704 128q100 0 167 68t67 166q0 58-22 113t-81 123-107 114-154 142l-62 56-62-54q-138-124-199-186t-113-146-52-162q0-98 67-166t167-68q116 0 192 90 76-90 192-90z"
        ],
        "attrs": [],
        "isMulticolor": false,
        "isMulticolor2": false,
        "tags": [
          "favorite_outline"
        ],
        "grid": 24
      },
      "attrs": [],
      "properties": {
        "ligatures": "favorite_outline",
        "id": 747,
        "order": 40,
        "prevSize": 24,
        "name": "favorite_outline"
      },
      "setIdx": 0,
      "setId": 3,
      "iconIdx": 747
    },
    {
      "icon": {
        "paths": [
          "M406 598q80 0 136-56t56-136-56-136-136-56-136 56-56 136 56 136 136 56zM662 598l212 212-64 64-212-212v-34l-12-12q-76 66-180 66-116 0-197-80t-81-196 81-197 197-81 196 81 80 197q0 42-20 95t-46 85l12 12h34z"
        ],
        "attrs": [],
        "isMulticolor": false,
        "isMulticolor2": false,
        "tags": [
          "search"
        ],
        "grid": 24
      },
      "attrs": [],
      "properties": {
        "ligatures": "search",
        "id": 789,
        "order": 60,
        "prevSize": 24,
        "name": "search"
      },
      "setIdx": 0,
      "setId": 3,
      "iconIdx": 789
    },
    {
      "icon": {
        "paths": [
          "M512 662q62 0 106-44t44-106-44-106-106-44-106 44-44 106 44 106 106 44zM830 554l90 70q14 10 4 28l-86 148q-8 14-26 8l-106-42q-42 30-72 42l-16 112q-4 18-20 18h-172q-16 0-20-18l-16-112q-38-16-72-42l-106 42q-18 6-26-8l-86-148q-10-18 4-28l90-70q-2-14-2-42t2-42l-90-70q-14-10-4-28l86-148q8-14 26-8l106 42q42-30 72-42l16-112q4-18 20-18h172q16 0 20 18l16 112q38 16 72 42l106-42q18-6 26 8l86 148q10 18-4 28l-90 70q2 14 2 42t-2 42z"
        ],
        "attrs": [],
        "isMulticolor": false,
        "isMulticolor2": false,
        "tags": [
          "settings"
        ],
        "grid": 24
      },
      "attrs": [],
      "properties": {
        "ligatures": "settings",
        "id": 790,
        "order": 21,
        "prevSize": 24,
        "name": "settings"
      },
      "setIdx": 0,
      "setId": 3,
      "iconIdx": 790
    },
    {
      "icon": {
        "paths": [
          "M810 128h172v512h-172v-512zM640 128q34 0 60 26t26 60v426q0 34-26 60l-280 282-46-46q-18-18-18-44v-14l42-196h-270q-34 0-60-25t-26-59v-86q0-16 6-32l130-300q20-52 78-52h384z"
        ],
        "attrs": [],
        "isMulticolor": false,
        "isMulticolor2": false,
        "tags": [
          "thumb_down"
        ],
        "grid": 24
      },
      "attrs": [],
      "properties": {
        "ligatures": "thumb_down",
        "id": 820,
        "order": 59,
        "prevSize": 24,
        "name": "thumb_down"
      },
      "setIdx": 0,
      "setId": 3,
      "iconIdx": 820
    },
    {
      "icon": {
        "paths": [
          "M982 426v86q0 16-6 32l-130 300q-20 52-78 52h-384q-34 0-60-26t-26-60v-426q0-34 26-60l280-282 46 46q18 18 18 44v14l-42 196h270q34 0 60 25t26 59zM42 896v-512h172v512h-172z"
        ],
        "attrs": [],
        "isMulticolor": false,
        "isMulticolor2": false,
        "tags": [
          "thumb_up"
        ],
        "grid": 24
      },
      "attrs": [],
      "properties": {
        "ligatures": "thumb_up",
        "id": 821,
        "order": 58,
        "prevSize": 24,
        "name": "thumb_up"
      },
      "setIdx": 0,
      "setId": 3,
      "iconIdx": 821
    },
    {
      "icon": {
        "paths": [
          "M678 726h138l-70-186zM790 426l192 512h-86l-48-128h-202l-48 128h-86l192-512h86zM550 642l-34 88-132-132-214 212-60-60 218-214q-80-88-128-194h86q42 80 98 142 92-102 136-228h-478v-86h300v-84h84v84h300v86h-126q-20 64-66 145t-92 133l-2 2z"
        ],
        "attrs": [],
        "isMulticolor": false,
        "isMulticolor2": false,
        "tags": [
          "translate"
        ],
        "grid": 24
      },
      "attrs": [],
      "properties": {
        "ligatures": "translate",
        "id": 827,
        "order": 20,
        "prevSize": 24,
        "name": "translate"
      },
      "setIdx": 0,
      "setId": 3,
      "iconIdx": 827
    },
    {
      "icon": {
        "paths": [
          "M636 938h-6q-92-24-158-90-38-38-65-103t-27-119q0-52 38-89t92-37 93 37 39 89q0 34 25 58t63 24 64-24 26-58q0-120-91-206t-219-86q-92 0-168 47t-114 125q-24 50-24 120 0 80 28 154 6 20-14 26t-26-12q-32-82-32-168 0-78 30-138 42-90 129-144t191-54q146 0 249 99t103 237q0 52-39 88t-93 36-92-36-38-88q0-34-26-59t-64-25-63 25-25 59q0 112 80 192 56 56 140 78 18 2 14 26-4 16-20 16zM530 626q0 74 55 128t137 54q4 0 18-2t23-2 18 3 11 13q4 22-18 26-24 4-52 4-80 0-132-38-102-70-102-186 0-22 22-22 20 0 20 22zM416 930q-8 0-14-6-54-54-86-114-46-80-46-184 0-94 71-162t171-68 171 68 71 162q0 20-22 20t-22-20q0-78-58-133t-140-55-140 55-58 133q0 96 38 164 26 46 80 104 16 14 0 30-6 6-16 6zM150 414q-22 0-22-20 0-4 4-12 64-92 160-140 100-52 220-52t220 52q98 48 160 138 4 8 4 12 0 14-16 20t-24-8q-60-82-144-124-92-46-200-47t-200 47q-90 46-146 126-6 8-16 8zM760 190q-8 0-10-2-118-60-238-60-130 0-238 60-10 6-20 0t-10-18q0-14 10-20 116-64 258-64 130 0 258 64 18 10 8 28-8 12-18 12z"
        ],
        "attrs": [],
        "isMulticolor": false,
        "isMulticolor2": false,
        "tags": [
          "fingerprint"
        ],
        "grid": 24
      },
      "attrs": [],
      "properties": {
        "ligatures": "fingerprint",
        "id": 864,
        "order": 19,
        "prevSize": 24,
        "name": "fingerprint"
      },
      "setIdx": 0,
      "setId": 3,
      "iconIdx": 864
    },
    {
      "icon": {
        "paths": [
          "M150 810l206-298-206-298h468q44 0 70 36l186 262-186 262q-26 36-70 36h-468z"
        ],
        "attrs": [],
        "isMulticolor": false,
        "isMulticolor2": false,
        "tags": [
          "label_important"
        ],
        "grid": 24
      },
      "attrs": [],
      "properties": {
        "ligatures": "label_important",
        "id": 905,
        "order": 18,
        "prevSize": 24,
        "name": "label_important"
      },
      "setIdx": 0,
      "setId": 3,
      "iconIdx": 905
    },
    {
      "icon": {
        "paths": [
          "M854 256q36 0 60 25t24 61v468q0 36-24 61t-60 25h-684q-36 0-60-25t-24-61v-468q0-36 24-61t60-25h172v-86q0-36 24-60t60-24h172q36 0 60 24t24 60v86h172zM170 342v468h684v-468h-684zM598 256v-86h-172v86h172z"
        ],
        "attrs": [],
        "isMulticolor": false,
        "isMulticolor2": false,
        "tags": [
          "work_outline"
        ],
        "grid": 24
      },
      "attrs": [],
      "properties": {
        "ligatures": "work_outline",
        "id": 917,
        "order": 57,
        "prevSize": 24,
        "name": "work_outline"
      },
      "setIdx": 0,
      "setId": 3,
      "iconIdx": 917
    },
    {
      "icon": {
        "paths": [
          "M278 726h362l150-214-150-214h-362l148 214zM640 810h-512l192-298-192-298h512q44 0 70 36l186 262-186 262q-26 36-70 36z"
        ],
        "attrs": [],
        "isMulticolor": false,
        "isMulticolor2": false,
        "tags": [
          "label_important_outline"
        ],
        "grid": 24
      },
      "attrs": [],
      "properties": {
        "ligatures": "label_important_outline",
        "id": 920,
        "order": 31,
        "prevSize": 24,
        "name": "label_important_outline"
      },
      "setIdx": 0,
      "setId": 3,
      "iconIdx": 920
    },
    {
      "icon": {
        "paths": [
          "M512 128l342 256v512h-214v-298h-256v298h-214v-512z"
        ],
        "attrs": [],
        "isMulticolor": false,
        "isMulticolor2": false,
        "tags": [
          "home_filled"
        ],
        "grid": 24
      },
      "attrs": [],
      "properties": {
        "ligatures": "home_filled",
        "id": 996,
        "order": 9,
        "prevSize": 24,
        "name": "home_filled"
      },
      "setIdx": 0,
      "setId": 3,
      "iconIdx": 996
    },
    {
      "icon": {
        "paths": [
          "M854 498v-72l-278 142-278-142v72l278 142zM854 342q34 0 59 25t25 59v384q0 34-25 60t-59 26h-556q-34 0-59-26t-25-60v-384q0-34 25-59t59-25h556zM804 298h-112l-244-128-278 146v410q-34 0-59-26t-25-60v-334q0-42 34-58l328-162 322 162q30 18 34 50z"
        ],
        "attrs": [],
        "isMulticolor": false,
        "isMulticolor2": false,
        "tags": [
          "mark_as_unread"
        ],
        "grid": 24
      },
      "attrs": [],
      "properties": {
        "ligatures": "mark_as_unread",
        "id": 1002,
        "order": 17,
        "prevSize": 24,
        "name": "mark_as_unread"
      },
      "setIdx": 0,
      "setId": 3,
      "iconIdx": 1002
    },
    {
      "icon": {
        "paths": [
          "M426 170q0-36 25-60t61-24 61 24 25 60-25 61-61 25-61-25-25-61zM844 780l-62 60q-36-36-102-103t-82-83l60-60 14 16zM428 656q-36 36-103 102t-83 82l-62-60q36-36 103-102t83-82zM594 368l188-188 62 60-188 188zM428 366l-60 60-14-12-170-174 60-60 12 14h2zM426 854q0-36 25-61t61-25 61 25 25 61-25 60-61 24-61-24-25-60zM86 512q0-36 24-61t60-25 61 25 25 61-25 61-61 25-60-25-24-61zM768 512q0-36 25-61t61-25 60 25 24 61-24 61-60 25-61-25-25-61z"
        ],
        "attrs": [],
        "isMulticolor": false,
        "isMulticolor2": false,
        "tags": [
          "stream"
        ],
        "grid": 24
      },
      "attrs": [],
      "properties": {
        "ligatures": "stream",
        "id": 1027,
        "order": 8,
        "prevSize": 24,
        "name": "stream"
      },
      "setIdx": 0,
      "setId": 3,
      "iconIdx": 1027
    },
    {
      "icon": {
        "paths": [
          "M768 554q70 0 120 51t50 121-50 120-120 50-120-50-50-120 50-121 120-51zM512 128q70 0 120 50t50 120-50 121-120 51-120-51-50-121 50-120 120-50zM256 554q70 0 120 51t50 121-50 120-120 50-120-50-50-120 50-121 120-51z"
        ],
        "attrs": [],
        "isMulticolor": false,
        "isMulticolor2": false,
        "tags": [
          "workspaces_filled"
        ],
        "grid": 24
      },
      "attrs": [],
      "properties": {
        "ligatures": "workspaces_filled",
        "id": 1045,
        "order": 41,
        "prevSize": 24,
        "name": "workspaces_filled"
      },
      "setIdx": 0,
      "setId": 3,
      "iconIdx": 1045
    },
    {
      "icon": {
        "paths": [
          "M768 554q70 0 120 51t50 121-50 120-120 50-120-50-50-120 50-121 120-51zM768 640q-34 0-60 26t-26 60 26 59 60 25 60-25 26-59-26-60-60-26zM512 128q70 0 120 50t50 120-50 121-120 51-120-51-50-121 50-120 120-50zM512 214q-34 0-60 25t-26 59 26 60 60 26 60-26 26-60-26-59-60-25zM256 554q70 0 120 51t50 121-50 120-120 50-120-50-50-120 50-121 120-51zM256 640q-34 0-60 26t-26 60 26 59 60 25 60-25 26-59-26-60-60-26z"
        ],
        "attrs": [],
        "isMulticolor": false,
        "isMulticolor2": false,
        "tags": [
          "workspaces_outline"
        ],
        "grid": 24
      },
      "attrs": [],
      "properties": {
        "ligatures": "workspaces_outline",
        "id": 1047,
        "order": 42,
        "prevSize": 24,
        "name": "workspaces_outline"
      },
      "setIdx": 0,
      "setId": 3,
      "iconIdx": 1047
    },
    {
      "icon": {
        "paths": [
          "M936 462l-382-220v-154q148 16 256 121t126 253zM344 904l382-220 132 78q-128 176-346 176-88 0-168-34zM554 340l382 220q-8 66-36 126l-346-198v-148zM512 562l128 74-382 218q-50-36-92-94zM470 488l-128 74v-440q62-28 128-34v400zM256 172v438l-132 78q-38-86-38-176 0-212 170-340z"
        ],
        "attrs": [],
        "isMulticolor": false,
        "isMulticolor2": false,
        "tags": [
          "sports_volleyball"
        ],
        "grid": 24
      },
      "attrs": [],
      "properties": {
        "ligatures": "sports_volleyball",
        "id": 1080,
        "order": 7,
        "prevSize": 24,
        "name": "sports_volleyball"
      },
      "setIdx": 0,
      "setId": 3,
      "iconIdx": 1080
    },
    {
      "icon": {
        "paths": [
          "M554 244l384 268v426h-298v-212l-126-86-130 86v212h-298v-426l384-268v-202h212l-42 66 42 62h-128v74z"
        ],
        "attrs": [],
        "isMulticolor": false,
        "isMulticolor2": false,
        "tags": [
          "festival"
        ],
        "grid": 24
      },
      "attrs": [],
      "properties": {
        "ligatures": "festival",
        "id": 1117,
        "order": 6,
        "prevSize": 24,
        "name": "festival"
      },
      "setIdx": 0,
      "setId": 3,
      "iconIdx": 1117
    },
    {
      "icon": {
        "paths": [
          "M742 376q-100-100-231-132t-255 10q96-12 211 37t213 147l-244 244q-98-98-147-213t-37-211q-42 124-10 255t132 231l-122 122q-126-126-126-305t126-305q0-2 2-2 140-140 336-124 162 12 274 124zM558 622l62-62 274 276-62 60z"
        ],
        "attrs": [],
        "isMulticolor": false,
        "isMulticolor2": false,
        "tags": [
          "beach_access"
        ],
        "grid": 24
      },
      "attrs": [],
      "properties": {
        "ligatures": "beach_access",
        "id": 1127,
        "order": 10,
        "prevSize": 24,
        "name": "beach_access"
      },
      "setIdx": 0,
      "setId": 3,
      "iconIdx": 1127
    },
    {
      "icon": {
        "paths": [
          "M854 170h-684q-34 0-59 25t-25 61v512q0 36 25 61t59 25h384v-86h-384v-426l342 212 342-212v212h84v-298q0-36-25-61t-59-25zM512 470l-342-214h684zM810 640l172 170-172 172v-128h-170v-86h170v-128z"
        ],
        "attrs": [],
        "isMulticolor": false,
        "isMulticolor2": false,
        "tags": [
          "forward_to_inbox"
        ],
        "grid": 24
      },
      "attrs": [],
      "properties": {
        "ligatures": "forward_to_inbox",
        "id": 1228,
        "order": 16,
        "prevSize": 24,
        "name": "forward_to_inbox"
      },
      "setIdx": 0,
      "setId": 3,
      "iconIdx": 1228
    },
    {
      "icon": {
        "paths": [
          "M512 86v0q-62 0-116 23t-95 64-64 95-23 116q0 56 15 108t45 98q30 50 67 94t67 94q16 24 27 47t23 49q6 12 12 27t16 26 26 11v0q16 0 26-11t16-26 12-27q12-26 23-49t27-47q30-48 67-93t67-95q30-46 45-98t15-108q0-62-23-116t-64-95-95-64-116-23zM512 502q-44 0-75-32t-31-76 31-75 75-31 75 31 31 75-31 76-75 32z"
        ],
        "attrs": [],
        "isMulticolor": false,
        "isMulticolor2": false,
        "tags": [
          "location_pin"
        ],
        "grid": 24
      },
      "attrs": [],
      "properties": {
        "ligatures": "location_pin",
        "id": 1253,
        "order": 11,
        "prevSize": 24,
        "name": "location_pin"
      },
      "setIdx": 0,
      "setId": 3,
      "iconIdx": 1253
    },
    {
      "icon": {
        "paths": [
          "M554 342q0-48-23-87t-61-62-86-23-86 23-61 62-23 87q0 46 23 85t61 62 86 23 86-23 61-62 23-85zM470 342q0 34-25 59t-61 25-61-25-25-59q0-36 25-61t61-25 61 25 25 61zM42 768v86h684v-86q0-34-24-61t-63-48-85-34-91-20-79-7-79 7-91 20-85 34-63 48-24 61zM128 768q4-12 27-26t61-28 81-23 87-9 87 9 80 23 61 28 28 26h-512zM854 640v-128h128v-86h-128v-128h-86v128h-128v86h128v128h86z"
        ],
        "attrs": [],
        "isMulticolor": false,
        "isMulticolor2": false,
        "tags": [
          "person_add_alt"
        ],
        "grid": 24
      },
      "attrs": [],
      "properties": {
        "ligatures": "person_add_alt",
        "id": 1306,
        "order": 14,
        "prevSize": 24,
        "name": "person_add_alt"
      },
      "setIdx": 0,
      "setId": 3,
      "iconIdx": 1306
    },
    {
      "icon": {
        "paths": [
          "M768 448l170-170v468l-170-170v192q0 36-25 61t-61 25h-512q-34 0-59-25t-25-61v-512q0-36 25-61t59-25h512q36 0 61 25t25 61v192zM682 414v-158h-512v512h512v-354zM426 512q-34 0-59-25t-25-61q0-34 25-59t59-25q36 0 61 25t25 59q0 36-25 61t-61 25zM426 554q22 0 51 6t56 16 46 26 19 38v42h-342v-42q0-22 18-38t46-26 57-16 49-6z"
        ],
        "attrs": [],
        "isMulticolor": false,
        "isMulticolor2": false,
        "tags": [
          "photo_camera_front"
        ],
        "grid": 24
      },
      "attrs": [],
      "properties": {
        "ligatures": "photo_camera_front",
        "id": 1313,
        "order": 13,
        "prevSize": 24,
        "name": "photo_camera_front"
      },
      "setIdx": 0,
      "setId": 3,
      "iconIdx": 1313
    },
    {
      "icon": {
        "paths": [
          "M598 86h-342q-36 0-61 25t-25 59v684q0 34 25 59t61 25h512q36 0 61-25t25-59v-512zM512 426q36 0 61 25t25 61-25 61-61 25-61-25-25-61 25-61 61-25zM682 768h-340v-24q0-26 14-48t38-32q26-12 56-18t62-6 62 6 56 18q24 10 38 32t14 48v24z"
        ],
        "attrs": [],
        "isMulticolor": false,
        "isMulticolor2": false,
        "tags": [
          "contact_page"
        ],
        "grid": 24
      },
      "attrs": [],
      "properties": {
        "ligatures": "contact_page",
        "id": 1402,
        "order": 12,
        "prevSize": 24,
        "name": "contact_page"
      },
      "setIdx": 0,
      "setId": 3,
      "iconIdx": 1402
    },
    {
      "icon": {
        "paths": [
          "M153.6 307.2c0-56.32 46.080-102.4 102.4-102.4h409.6l204.8-204.8h102.4v819.2h-102.4l-204.8-204.8h-409.6c-56.554 0-102.4-45.846-102.4-102.4v0h-102.4v-204.8h102.4zM563.2 768v256h-153.6l-85.504-256h-68.096v-102.4h409.6v102.4h-102.4z"
        ],
        "attrs": [],
        "isMulticolor": false,
        "isMulticolor2": false,
        "tags": [
          "announcement"
        ],
        "grid": 20
      },
      "attrs": [],
      "properties": {
        "id": 11,
        "order": 37,
        "prevSize": 20,
        "name": "announcement"
      },
      "setIdx": 1,
      "setId": 2,
      "iconIdx": 10
    },
    {
      "icon": {
        "paths": [
          "M1021.44 563.2c-26.89 259.87-244.697 460.793-509.433 460.793-282.77 0-512-229.23-512-512 0-264.736 200.924-482.543 458.597-509.248l2.196-0.184v560.64h560.64zM1017.344 430.080h-423.424v-423.424c217.691 36.271 387.153 205.732 423.011 420.43l0.413 2.994z"
        ],
        "attrs": [],
        "isMulticolor": false,
        "isMulticolor2": false,
        "tags": [
          "chart-pie"
        ],
        "grid": 20
      },
      "attrs": [],
      "properties": {
        "id": 72,
        "order": 36,
        "prevSize": 20,
        "name": "chart-pie"
      },
      "setIdx": 1,
      "setId": 2,
      "iconIdx": 71
    },
    {
      "icon": {
        "paths": [
          "M981.188 160.108c-143.632-20.65-302.332-32.108-469.186-32.108-166.86 0-325.556 11.458-469.194 32.108-27.53 107.726-42.808 226.75-42.808 351.892 0 125.14 15.278 244.166 42.808 351.89 143.638 20.652 302.336 32.11 469.194 32.11 166.854 0 325.552-11.458 469.186-32.11 27.532-107.724 42.812-226.75 42.812-351.89 0-125.142-15.28-244.166-42.812-351.892zM384.002 704v-384l320 192-320 192z"
        ],
        "tags": [
          "play",
          "video",
          "movie"
        ],
        "defaultCode": 59666,
        "grid": 16,
        "attrs": []
      },
      "attrs": [],
      "properties": {
        "ligatures": "play, video",
        "name": "play",
        "order": 53,
        "id": 19,
        "prevSize": 32
      },
      "setIdx": 2,
      "setId": 1,
      "iconIdx": 18
    },
    {
      "icon": {
        "paths": [
          "M1024 429.256c0-200.926-58.792-363.938-131.482-365.226 0.292-0.006 0.578-0.030 0.872-0.030h-82.942c0 0-194.8 146.336-475.23 203.754-8.56 45.292-14.030 99.274-14.030 161.502s5.466 116.208 14.030 161.5c280.428 57.418 475.23 203.756 475.23 203.756h82.942c-0.292 0-0.578-0.024-0.872-0.032 72.696-1.288 131.482-164.298 131.482-365.224zM864.824 739.252c-9.382 0-19.532-9.742-24.746-15.548-12.63-14.064-24.792-35.96-35.188-63.328-23.256-61.232-36.066-143.31-36.066-231.124 0-87.81 12.81-169.89 36.066-231.122 10.394-27.368 22.562-49.266 35.188-63.328 5.214-5.812 15.364-15.552 24.746-15.552 9.38 0 19.536 9.744 24.744 15.552 12.634 14.064 24.796 35.958 35.188 63.328 23.258 61.23 36.068 143.312 36.068 231.122 0 87.804-12.81 169.888-36.068 231.124-10.39 27.368-22.562 49.264-35.188 63.328-5.208 5.806-15.36 15.548-24.744 15.548zM251.812 429.256c0-51.95 3.81-102.43 11.052-149.094-47.372 6.554-88.942 10.324-140.34 10.324-67.058 0-67.058 0-67.058 0l-55.466 94.686v88.17l55.46 94.686c0 0 0 0 67.060 0 51.398 0 92.968 3.774 140.34 10.324-7.236-46.664-11.048-97.146-11.048-149.096zM368.15 642.172l-127.998-24.51 81.842 321.544c4.236 16.634 20.744 25.038 36.686 18.654l118.556-47.452c15.944-6.376 22.328-23.964 14.196-39.084l-123.282-229.152zM864.824 548.73c-3.618 0-7.528-3.754-9.538-5.992-4.87-5.42-9.556-13.86-13.562-24.408-8.962-23.6-13.9-55.234-13.9-89.078s4.938-65.478 13.9-89.078c4.006-10.548 8.696-18.988 13.562-24.408 2.010-2.24 5.92-5.994 9.538-5.994 3.616 0 7.53 3.756 9.538 5.994 4.87 5.42 9.556 13.858 13.56 24.408 8.964 23.598 13.902 55.234 13.902 89.078 0 33.842-4.938 65.478-13.902 89.078-4.004 10.548-8.696 18.988-13.56 24.408-2.008 2.238-5.92 5.992-9.538 5.992z"
        ],
        "tags": [
          "bullhorn",
          "megaphone",
          "announcement",
          "advertisement",
          "news"
        ],
        "defaultCode": 59674,
        "grid": 16,
        "attrs": []
      },
      "attrs": [],
      "properties": {
        "ligatures": "bullhorn, megaphone",
        "name": "bullhorn",
        "order": 54,
        "id": 27,
        "prevSize": 32
      },
      "setIdx": 2,
      "setId": 1,
      "iconIdx": 26
    },
    {
      "icon": {
        "paths": [
          "M832 896h-640v-128l192-320 263 320 185-128v256z",
          "M832 480c0 53.020-42.98 96-96 96-53.022 0-96-42.98-96-96s42.978-96 96-96c53.020 0 96 42.98 96 96z",
          "M917.806 229.076c-22.212-30.292-53.174-65.7-87.178-99.704s-69.412-64.964-99.704-87.178c-51.574-37.82-76.592-42.194-90.924-42.194h-496c-44.112 0-80 35.888-80 80v864c0 44.112 35.888 80 80 80h736c44.112 0 80-35.888 80-80v-624c0-14.332-4.372-39.35-42.194-90.924zM785.374 174.626c30.7 30.7 54.8 58.398 72.58 81.374h-153.954v-153.946c22.984 17.78 50.678 41.878 81.374 72.572zM896 944c0 8.672-7.328 16-16 16h-736c-8.672 0-16-7.328-16-16v-864c0-8.672 7.328-16 16-16 0 0 495.956-0.002 496 0v224c0 17.672 14.326 32 32 32h224v624z"
        ],
        "tags": [
          "file-picture",
          "file",
          "document",
          "file-image"
        ],
        "defaultCode": 59687,
        "grid": 16,
        "attrs": []
      },
      "attrs": [],
      "properties": {
        "ligatures": "file-picture, file5",
        "name": "file-picture",
        "order": 43,
        "id": 40,
        "prevSize": 32
      },
      "setIdx": 2,
      "setId": 1,
      "iconIdx": 39
    },
    {
      "icon": {
        "paths": [
          "M928 128h-832c-52.8 0-96 43.2-96 96v576c0 52.8 43.2 96 96 96h832c52.8 0 96-43.2 96-96v-576c0-52.8-43.2-96-96-96zM96 192h832c17.346 0 32 14.654 32 32v96h-896v-96c0-17.346 14.654-32 32-32zM928 832h-832c-17.346 0-32-14.654-32-32v-288h896v288c0 17.346-14.654 32-32 32zM128 640h64v128h-64zM256 640h64v128h-64zM384 640h64v128h-64z"
        ],
        "tags": [
          "credit-card",
          "money",
          "payment",
          "ecommerce"
        ],
        "defaultCode": 59711,
        "grid": 16,
        "attrs": []
      },
      "attrs": [],
      "properties": {
        "ligatures": "credit-card, money5",
        "name": "credit-card",
        "order": 55,
        "id": 64,
        "prevSize": 32
      },
      "setIdx": 2,
      "setId": 1,
      "iconIdx": 63
    },
    {
      "icon": {
        "paths": [
          "M1016.988 652.010l-256-320c-6.074-7.592-15.266-12.010-24.988-12.010h-448c-9.72 0-18.916 4.418-24.988 12.010l-256 320c-4.538 5.674-7.012 12.724-7.012 19.99v288c0 35.346 28.654 64 64 64h896c35.348 0 64-28.654 64-64v-288c0-7.266-2.472-14.316-7.012-19.99zM960 704h-224l-128 128h-192l-128-128h-224v-20.776l239.38-299.224h417.24l239.38 299.224v20.776z"
        ],
        "tags": [
          "drawer",
          "box",
          "inbox",
          "archive",
          "category"
        ],
        "defaultCode": 59741,
        "grid": 16,
        "attrs": []
      },
      "attrs": [],
      "properties": {
        "ligatures": "drawer2, box2",
        "name": "drawer2",
        "order": 27,
        "id": 94,
        "prevSize": 32
      },
      "setIdx": 2,
      "setId": 1,
      "iconIdx": 93
    },
    {
      "icon": {
        "width": 1152,
        "paths": [
          "M480 128c-50.666 0-99.582 7.95-145.386 23.628-42.924 14.694-81.114 35.436-113.502 61.646-60.044 48.59-93.112 110.802-93.112 175.174 0 35.99 10.066 70.948 29.92 103.898 20.686 34.34 51.898 65.794 90.26 90.958 30.44 19.968 50.936 51.952 56.362 87.95 0.902 5.99 1.63 12.006 2.18 18.032 2.722-2.52 5.424-5.114 8.114-7.794 24.138-24.040 56.688-37.312 90.322-37.312 5.348 0 10.718 0.336 16.094 1.018 19.36 2.452 39.124 3.696 58.748 3.696 50.666 0 99.58-7.948 145.384-23.628 42.926-14.692 81.116-35.434 113.504-61.644 60.046-48.59 93.112-110.802 93.112-175.174s-33.066-126.582-93.112-175.174c-32.388-26.212-70.578-46.952-113.504-61.646-45.804-15.678-94.718-23.628-145.384-23.628zM480 0v0c265.096 0 480 173.914 480 388.448s-214.904 388.448-480 388.448c-25.458 0-50.446-1.62-74.834-4.71-103.106 102.694-222.172 121.108-341.166 123.814v-25.134c64.252-31.354 116-88.466 116-153.734 0-9.106-0.712-18.048-2.030-26.794-108.558-71.214-177.97-179.988-177.97-301.89 0-214.534 214.904-388.448 480-388.448zM996 870.686c0 55.942 36.314 104.898 92 131.772v21.542c-103.126-2.318-197.786-18.102-287.142-106.126-21.14 2.65-42.794 4.040-64.858 4.040-95.47 0-183.408-25.758-253.614-69.040 144.674-0.506 281.26-46.854 384.834-130.672 52.208-42.252 93.394-91.826 122.414-147.348 30.766-58.866 46.366-121.582 46.366-186.406 0-10.448-0.45-20.836-1.258-31.168 72.57 59.934 117.258 141.622 117.258 231.676 0 104.488-60.158 197.722-154.24 258.764-1.142 7.496-1.76 15.16-1.76 22.966z"
        ],
        "tags": [
          "bubbles",
          "comments",
          "chat",
          "talk"
        ],
        "defaultCode": 59760,
        "grid": 16,
        "attrs": []
      },
      "attrs": [],
      "properties": {
        "ligatures": "bubbles4, comments4",
        "name": "bubbles4",
        "order": 28,
        "id": 113,
        "prevSize": 32
      },
      "setIdx": 2,
      "setId": 1,
      "iconIdx": 112
    },
    {
      "icon": {
        "paths": [
          "M576 706.612v-52.78c70.498-39.728 128-138.772 128-237.832 0-159.058 0-288-192-288s-192 128.942-192 288c0 99.060 57.502 198.104 128 237.832v52.78c-217.102 17.748-384 124.42-384 253.388h896c0-128.968-166.898-235.64-384-253.388z"
        ],
        "tags": [
          "user",
          "profile",
          "avatar",
          "person",
          "member"
        ],
        "defaultCode": 59761,
        "grid": 16,
        "attrs": []
      },
      "attrs": [],
      "properties": {
        "ligatures": "user, profile2",
        "name": "user",
        "order": 26,
        "id": 114,
        "prevSize": 32
      },
      "setIdx": 2,
      "setId": 1,
      "iconIdx": 113
    },
    {
      "icon": {
        "paths": [
          "M933.79 610.25c-53.726-93.054-21.416-212.304 72.152-266.488l-100.626-174.292c-28.75 16.854-62.176 26.518-97.846 26.518-107.536 0-194.708-87.746-194.708-195.99h-201.258c0.266 33.41-8.074 67.282-25.958 98.252-53.724 93.056-173.156 124.702-266.862 70.758l-100.624 174.292c28.97 16.472 54.050 40.588 71.886 71.478 53.638 92.908 21.512 211.92-71.708 266.224l100.626 174.292c28.65-16.696 61.916-26.254 97.4-26.254 107.196 0 194.144 87.192 194.7 194.958h201.254c-0.086-33.074 8.272-66.57 25.966-97.218 53.636-92.906 172.776-124.594 266.414-71.012l100.626-174.29c-28.78-16.466-53.692-40.498-71.434-71.228zM512 719.332c-114.508 0-207.336-92.824-207.336-207.334 0-114.508 92.826-207.334 207.336-207.334 114.508 0 207.332 92.826 207.332 207.334-0.002 114.51-92.824 207.334-207.332 207.334z"
        ],
        "tags": [
          "cog",
          "gear",
          "preferences",
          "settings",
          "generate",
          "control",
          "options"
        ],
        "defaultCode": 59796,
        "grid": 16,
        "attrs": []
      },
      "attrs": [],
      "properties": {
        "ligatures": "cog, gear",
        "name": "cog",
        "order": 25,
        "id": 149,
        "prevSize": 32
      },
      "setIdx": 2,
      "setId": 1,
      "iconIdx": 148
    },
    {
      "icon": {
        "paths": [
          "M128 320v640c0 35.2 28.8 64 64 64h576c35.2 0 64-28.8 64-64v-640h-704zM320 896h-64v-448h64v448zM448 896h-64v-448h64v448zM576 896h-64v-448h64v448zM704 896h-64v-448h64v448z",
          "M848 128h-208v-80c0-26.4-21.6-48-48-48h-224c-26.4 0-48 21.6-48 48v80h-208c-26.4 0-48 21.6-48 48v80h832v-80c0-26.4-21.6-48-48-48zM576 128h-192v-63.198h192v63.198z"
        ],
        "tags": [
          "bin",
          "trashcan",
          "remove",
          "delete",
          "recycle",
          "dispose"
        ],
        "defaultCode": 59820,
        "grid": 16,
        "attrs": []
      },
      "attrs": [],
      "properties": {
        "ligatures": "bin, trashcan",
        "name": "bin",
        "order": 56,
        "id": 173,
        "prevSize": 32
      },
      "setIdx": 2,
      "setId": 1,
      "iconIdx": 172
    },
    {
      "icon": {
        "paths": [
          "M480 64c-265.096 0-480 214.904-480 480 0 265.098 214.904 480 480 480 265.098 0 480-214.902 480-480 0-265.096-214.902-480-480-480zM751.59 704c8.58-40.454 13.996-83.392 15.758-128h127.446c-3.336 44.196-13.624 87.114-30.68 128h-112.524zM208.41 384c-8.58 40.454-13.996 83.392-15.758 128h-127.444c3.336-44.194 13.622-87.114 30.678-128h112.524zM686.036 384c9.614 40.962 15.398 83.854 17.28 128h-191.316v-128h174.036zM512 320v-187.338c14.59 4.246 29.044 11.37 43.228 21.37 26.582 18.74 52.012 47.608 73.54 83.486 14.882 24.802 27.752 52.416 38.496 82.484h-155.264zM331.232 237.516c21.528-35.878 46.956-64.748 73.54-83.486 14.182-10 28.638-17.124 43.228-21.37v187.34h-155.264c10.746-30.066 23.616-57.68 38.496-82.484zM448 384v128h-191.314c1.88-44.146 7.666-87.038 17.278-128h174.036zM95.888 704c-17.056-40.886-27.342-83.804-30.678-128h127.444c1.762 44.608 7.178 87.546 15.758 128h-112.524zM256.686 576h191.314v128h-174.036c-9.612-40.96-15.398-83.854-17.278-128zM448 768v187.34c-14.588-4.246-29.044-11.372-43.228-21.37-26.584-18.74-52.014-47.61-73.54-83.486-14.882-24.804-27.75-52.418-38.498-82.484h155.266zM628.768 850.484c-21.528 35.876-46.958 64.746-73.54 83.486-14.184 9.998-28.638 17.124-43.228 21.37v-187.34h155.266c-10.746 30.066-23.616 57.68-38.498 82.484zM512 704v-128h191.314c-1.88 44.146-7.666 87.040-17.28 128h-174.034zM767.348 512c-1.762-44.608-7.178-87.546-15.758-128h112.524c17.056 40.886 27.344 83.806 30.68 128h-127.446zM830.658 320h-95.9c-18.638-58.762-44.376-110.294-75.316-151.428 42.536 20.34 81.058 47.616 114.714 81.272 21.48 21.478 40.362 44.938 56.502 70.156zM185.844 249.844c33.658-33.658 72.18-60.932 114.714-81.272-30.942 41.134-56.676 92.666-75.316 151.428h-95.898c16.138-25.218 35.022-48.678 56.5-70.156zM129.344 768h95.898c18.64 58.762 44.376 110.294 75.318 151.43-42.536-20.34-81.058-47.616-114.714-81.274-21.48-21.478-40.364-44.938-56.502-70.156zM774.156 838.156c-33.656 33.658-72.18 60.934-114.714 81.274 30.942-41.134 56.678-92.668 75.316-151.43h95.9c-16.14 25.218-35.022 48.678-56.502 70.156z"
        ],
        "tags": [
          "sphere",
          "globe",
          "internet"
        ],
        "defaultCode": 59849,
        "grid": 16,
        "attrs": []
      },
      "attrs": [],
      "properties": {
        "ligatures": "sphere, globe",
        "name": "sphere",
        "order": 61,
        "id": 202,
        "prevSize": 32
      },
      "setIdx": 2,
      "setId": 1,
      "iconIdx": 201
    },
    {
      "icon": {
        "paths": [
          "M665.832 327.048l-64.952-64.922-324.81 324.742c-53.814 53.792-53.814 141.048 0 194.844 53.804 53.792 141.060 53.792 194.874 0l389.772-389.708c89.714-89.662 89.714-235.062 0-324.726-89.666-89.704-235.112-89.704-324.782 0l-409.23 409.178c-0.29 0.304-0.612 0.576-0.876 0.846-125.102 125.096-125.102 327.856 0 452.906 125.054 125.056 327.868 125.056 452.988 0 0.274-0.274 0.516-0.568 0.82-0.876l0.032 0.034 279.332-279.292-64.986-64.92-279.33 279.262c-0.296 0.268-0.564 0.57-0.846 0.844-89.074 89.058-233.98 89.058-323.076 0-89.062-89.042-89.062-233.922 0-322.978 0.304-0.304 0.604-0.582 0.888-0.846l-0.046-0.060 409.28-409.166c53.712-53.738 141.144-53.738 194.886 0 53.712 53.734 53.712 141.148 0 194.84l-389.772 389.7c-17.936 17.922-47.054 17.922-64.972 0-17.894-17.886-17.894-47.032 0-64.92l324.806-324.782z"
        ],
        "tags": [
          "attachment",
          "paperclip"
        ],
        "defaultCode": 59853,
        "grid": 16,
        "attrs": []
      },
      "attrs": [],
      "properties": {
        "ligatures": "attachment, paperclip",
        "name": "attachment",
        "order": 35,
        "id": 206,
        "prevSize": 32
      },
      "setIdx": 2,
      "setId": 1,
      "iconIdx": 205
    },
    {
      "icon": {
        "paths": [
          "M256 640c0 0 58.824-192 384-192v192l384-256-384-256v192c-256 0-384 159.672-384 320zM704 768h-576v-384h125.876c10.094-11.918 20.912-23.334 32.488-34.18 43.964-41.19 96.562-72.652 156.114-93.82h-442.478v640h832v-268.624l-128 85.334v55.29z"
        ],
        "tags": [
          "share",
          "out",
          "external",
          "outside"
        ],
        "defaultCode": 60029,
        "grid": 16,
        "attrs": []
      },
      "attrs": [],
      "properties": {
        "ligatures": "share, out",
        "name": "share",
        "order": 62,
        "id": 382,
        "prevSize": 32
      },
      "setIdx": 2,
      "setId": 1,
      "iconIdx": 381
    },
    {
      "icon": {
        "paths": [
          "M864 704c-45.16 0-85.92 18.738-115.012 48.83l-431.004-215.502c1.314-8.252 2.016-16.706 2.016-25.328s-0.702-17.076-2.016-25.326l431.004-215.502c29.092 30.090 69.852 48.828 115.012 48.828 88.366 0 160-71.634 160-160s-71.634-160-160-160-160 71.634-160 160c0 8.622 0.704 17.076 2.016 25.326l-431.004 215.504c-29.092-30.090-69.852-48.83-115.012-48.83-88.366 0-160 71.636-160 160 0 88.368 71.634 160 160 160 45.16 0 85.92-18.738 115.012-48.828l431.004 215.502c-1.312 8.25-2.016 16.704-2.016 25.326 0 88.368 71.634 160 160 160s160-71.632 160-160c0-88.364-71.634-160-160-160z"
        ],
        "tags": [
          "share",
          "social"
        ],
        "defaultCode": 60034,
        "grid": 16,
        "attrs": []
      },
      "attrs": [],
      "properties": {
        "ligatures": "share2, social",
        "name": "share2",
        "order": 44,
        "id": 387,
        "prevSize": 32
      },
      "setIdx": 2,
      "setId": 1,
      "iconIdx": 386
    },
    {
      "icon": {
        "paths": [
          "M1013.8 307.2c0 0-10-70.6-40.8-101.6-39-40.8-82.6-41-102.6-43.4-143.2-10.4-358.2-10.4-358.2-10.4h-0.4c0 0-215 0-358.2 10.4-20 2.4-63.6 2.6-102.6 43.4-30.8 31-40.6 101.6-40.6 101.6s-10.2 82.8-10.2 165.8v77.6c0 82.8 10.2 165.8 10.2 165.8s10 70.6 40.6 101.6c39 40.8 90.2 39.4 113 43.8 82 7.8 348.2 10.2 348.2 10.2s215.2-0.4 358.4-10.6c20-2.4 63.6-2.6 102.6-43.4 30.8-31 40.8-101.6 40.8-101.6s10.2-82.8 10.2-165.8v-77.6c-0.2-82.8-10.4-165.8-10.4-165.8zM406.2 644.8v-287.8l276.6 144.4-276.6 143.4z"
        ],
        "tags": [
          "youtube",
          "brand",
          "social"
        ],
        "defaultCode": 60061,
        "grid": 16,
        "attrs": []
      },
      "attrs": [],
      "properties": {
        "ligatures": "youtube, brand21",
        "name": "youtube",
        "order": 29,
        "id": 414,
        "prevSize": 32
      },
      "setIdx": 2,
      "setId": 1,
      "iconIdx": 413
    }
  ],
  "height": 1024,
  "preferences": {
    "showGlyphs": true,
    "showQuickUse": true,
    "showQuickUse2": true,
    "showSVGs": true,
    "fontPref": {
      "prefix": "icon-",
      "metadata": {
        "fontFamily": "icomoon"
      },
      "metrics": {
        "emSize": 1024,
        "baseline": 6.25,
        "whitespace": 50
      },
      "embed": false
    },
    "imagePref": {
      "prefix": "icon-",
      "png": true,
      "useClassSelector": true,
      "color": 0,
      "bgColor": 16777215,
      "classSelector": ".icon",
      "name": "icomoon",
      "height": 32,
      "columns": 16,
      "margin": 16
    },
    "historySize": 50,
    "showCodes": true,
    "gridSize": 16
  }
}